user_id,day_registered,time_registered,source,device_type
1,1,00:10:39,0,1
2,1,00:36:27,0,1
3,1,00:40:29,0,4
4,1,00:43:22,0,5
5,1,00:49:10,0,4
6,1,01:05:09,0,4
7,1,01:11:14,0,2
8,1,01:18:10,4,
9,1,01:18:10,4,
10,1,01:18:13,4,
11,1,01:18:41,0,0
12,1,01:18:49,4,
13,1,01:19:03,4,
14,1,01:19:03,4,
15,1,01:19:33,4,
16,1,01:20:25,4,
17,1,01:20:25,4,
18,1,01:20:25,4,
19,1,01:20:31,4,
20,1,01:20:31,4,
21,1,01:20:31,4,
22,1,01:20:31,4,
23,1,01:20:31,4,
24,1,01:20:31,4,
25,1,01:20:36,4,
26,1,01:20:36,4,
27,1,01:20:59,4,
28,1,01:21:24,4,
29,1,01:21:44,4,
30,1,01:21:44,4,
31,1,01:21:44,4,
32,1,01:21:44,4,
33,1,01:21:47,4,
34,1,01:21:47,4,
35,1,01:21:47,4,
36,1,01:21:47,4,
37,1,01:21:47,4,
38,1,01:21:47,4,
39,1,01:22:34,4,
40,1,01:22:39,4,
41,1,01:22:50,4,
42,1,01:24:21,4,
43,1,01:24:21,4,
44,1,01:25:11,4,
45,1,01:26:10,4,
46,1,01:26:24,4,
47,1,01:26:33,4,
48,1,01:27:07,4,
49,1,01:27:39,4,
50,1,01:27:39,4,
51,1,01:27:39,4,
52,1,01:27:39,4,
53,1,01:27:54,0,5
54,1,01:28:03,4,
55,1,01:28:03,4,
56,1,01:28:51,4,
57,1,01:29:09,4,
58,1,01:30:44,4,
59,1,01:30:47,4,
60,1,01:30:48,4,
61,1,01:31:03,4,
62,1,01:31:03,4,
63,1,01:31:03,4,
64,1,01:31:23,4,
65,1,01:32:58,4,
66,1,01:33:17,4,
67,1,01:34:49,4,
68,1,01:35:19,0,4
69,1,01:35:30,4,
70,1,01:35:30,4,
71,1,01:36:20,4,
72,1,01:36:20,4,
73,1,01:36:20,4,
74,1,01:36:20,4,
75,1,01:36:20,4,
76,1,01:36:20,4,
77,1,01:36:20,4,
78,1,01:36:20,4,
79,1,01:36:20,4,
80,1,01:36:20,4,
81,1,01:36:20,4,
82,1,01:36:20,4,
83,1,01:36:20,4,
84,1,01:36:20,4,
85,1,01:36:24,4,
86,1,01:36:24,4,
87,1,01:36:24,4,
88,1,01:36:24,4,
89,1,01:36:24,4,
90,1,01:36:24,4,
91,1,01:36:24,4,
92,1,01:36:24,4,
93,1,01:36:24,4,
94,1,01:36:24,4,
95,1,01:36:25,4,
96,1,01:36:25,4,
97,1,01:36:25,4,
98,1,01:36:25,4,
99,1,01:36:25,4,
100,1,01:36:25,4,
101,1,01:36:25,4,
102,1,01:36:25,4,
103,1,01:36:25,4,
104,1,01:36:25,4,
105,1,01:36:25,4,
106,1,01:36:25,4,
107,1,01:36:25,4,
108,1,01:36:25,4,
109,1,01:36:25,4,
110,1,01:36:25,4,
111,1,01:36:25,4,
112,1,01:36:25,4,
113,1,01:36:25,4,
114,1,01:36:25,4,
115,1,01:36:25,4,
116,1,01:36:25,4,
117,1,01:36:28,4,
118,1,01:36:38,4,
119,1,01:36:38,4,
120,1,01:36:38,4,
121,1,01:36:38,4,
122,1,01:36:38,4,
123,1,01:36:38,4,
124,1,01:36:51,4,
125,1,01:37:29,0,1
126,1,01:37:46,4,
127,1,01:38:22,4,
128,1,01:38:36,4,
129,1,01:39:25,4,
130,1,01:39:25,4,
131,1,01:39:29,4,
132,1,01:39:34,4,
133,1,01:41:47,4,
134,1,01:42:25,4,
135,1,01:42:25,4,
136,1,01:42:39,4,
137,1,01:43:20,4,
138,1,01:43:20,4,
139,1,01:43:20,4,
140,1,01:43:20,4,
141,1,01:43:20,4,
142,1,01:43:20,4,
143,1,01:43:20,4,
144,1,01:43:20,4,
145,1,01:43:20,4,
146,1,01:43:20,4,
147,1,01:43:20,4,
148,1,01:43:20,4,
149,1,01:43:24,4,
150,1,01:43:24,4,
151,1,01:43:24,4,
152,1,01:43:24,4,
153,1,01:43:24,4,
154,1,01:43:35,4,
155,1,01:43:35,4,
156,1,01:43:39,4,
157,1,01:44:05,4,
158,1,01:56:31,4,
159,1,01:58:00,4,
160,1,01:58:00,4,
161,1,01:58:22,4,
162,1,01:59:16,4,
163,1,02:02:45,4,
164,1,02:02:45,4,
165,1,02:02:45,4,
166,1,02:03:18,4,
167,1,02:04:32,4,
168,1,02:04:32,4,
169,1,02:04:48,4,
170,1,02:05:09,4,
171,1,02:07:36,4,
172,1,02:08:11,4,
173,1,02:08:11,4,
174,1,02:08:11,4,
175,1,02:08:11,4,
176,1,02:08:18,4,
177,1,02:08:34,0,4
178,1,02:09:25,4,
179,1,02:13:03,4,
180,1,02:13:23,4,
181,1,02:13:25,4,
182,1,02:13:50,4,
183,1,02:13:58,4,
184,1,02:13:58,4,
185,1,02:13:58,4,
186,1,02:14:02,4,
187,1,02:14:51,4,
188,1,02:15:23,4,
189,1,02:15:24,4,
190,1,02:15:24,4,
191,1,02:19:14,0,4
192,1,02:22:08,4,
193,1,02:22:08,4,
194,1,02:23:13,4,
195,1,02:23:15,4,
196,1,02:23:17,4,
197,1,02:24:07,4,
198,1,02:25:01,4,
199,1,02:25:01,4,
200,1,02:26:08,4,
201,1,02:27:22,4,
202,1,02:27:44,4,
203,1,02:29:39,4,
204,1,02:31:19,4,
205,1,02:34:53,4,
206,1,02:34:53,4,
207,1,02:34:53,4,
208,1,02:34:53,4,
209,1,02:35:07,4,
210,1,02:35:28,4,
211,1,02:36:38,4,
212,1,02:36:49,4,
213,1,02:38:00,4,
214,1,02:38:47,4,
215,1,02:39:16,4,
216,1,02:41:18,4,
217,1,02:41:20,4,
218,1,02:48:24,4,
219,1,02:53:05,4,
220,1,02:53:23,4,
221,1,02:53:23,4,
222,1,02:54:36,0,0
223,1,02:54:49,0,4
224,1,02:56:12,4,
225,1,02:56:49,4,
226,1,02:57:25,4,
227,1,02:57:25,4,
228,1,03:00:20,4,
229,1,03:00:28,4,
230,1,03:01:00,0,1
231,1,03:02:38,4,
232,1,03:02:38,4,
233,1,03:03:22,4,
234,1,03:03:22,4,
235,1,03:05:10,4,
236,1,03:06:36,4,
237,1,03:07:26,4,
238,1,03:08:36,4,
239,1,03:08:57,4,
240,1,03:09:36,4,
241,1,03:10:54,4,
242,1,03:11:39,4,
243,1,03:12:36,4,
244,1,03:12:36,4,
245,1,03:12:36,4,
246,1,03:12:49,0,4
247,1,03:16:30,4,
248,1,03:17:35,4,
249,1,03:18:52,4,
250,1,03:25:35,0,1
251,1,03:45:14,0,4
252,1,03:59:53,0,1
253,1,04:02:02,0,2
254,1,04:24:04,0,4
255,1,04:33:59,0,1
256,1,04:36:20,0,1
257,1,05:31:13,0,5
258,1,05:44:03,0,4
259,1,05:46:44,0,5
260,1,06:03:10,0,1
261,1,06:08:55,0,0
262,1,06:24:29,0,5
263,1,06:31:43,0,1
264,1,06:31:44,0,5
265,1,07:20:53,0,4
266,1,07:21:25,0,4
267,1,07:34:04,0,0
268,1,07:55:16,0,5
269,1,08:02:18,0,5
270,1,08:14:48,0,4
271,1,08:41:10,0,4
272,1,08:43:14,0,1
273,1,08:46:03,0,0
274,1,09:08:27,0,1
275,1,09:27:31,0,0
276,1,09:40:39,0,4
277,1,10:00:10,0,1
278,1,10:11:39,4,
279,1,10:12:08,0,0
280,1,10:19:52,0,4
281,1,10:31:25,0,2
282,1,10:32:15,0,0
283,1,10:40:50,0,4
284,1,10:51:17,0,0
285,1,11:37:37,0,2
286,1,11:40:00,0,4
287,1,11:45:59,0,4
288,1,11:50:43,0,1
289,1,11:57:26,0,4
290,1,11:58:07,0,4
291,1,12:05:08,0,4
292,1,12:16:24,0,1
293,1,12:39:16,0,0
294,1,12:50:29,0,1
295,1,12:51:16,0,0
296,1,12:54:51,0,4
297,1,13:03:43,0,1
298,1,13:03:47,0,4
299,1,13:28:34,0,1
300,1,13:45:00,0,1
301,1,14:47:15,0,4
302,1,15:19:58,0,1
303,1,15:29:56,0,4
304,1,15:32:54,0,1
305,1,16:03:08,0,4
306,1,16:11:30,0,0
307,1,16:14:44,0,1
308,1,16:19:56,0,1
309,1,16:23:04,0,4
310,1,16:32:59,0,4
311,1,16:51:41,0,4
312,1,16:52:08,0,4
313,1,17:23:27,0,0
314,1,18:28:17,0,5
315,1,18:53:35,0,4
316,1,18:56:17,0,4
317,1,19:05:26,0,4
318,1,19:13:39,0,4
319,1,19:31:13,0,4
320,1,19:35:23,0,0
321,1,19:42:36,0,4
322,1,19:44:37,0,0
323,1,19:45:43,0,5
324,1,19:55:36,0,1
325,1,19:56:24,0,1
326,1,20:38:39,0,1
327,1,20:39:57,0,5
328,1,21:02:13,0,4
329,1,21:12:51,0,1
330,1,21:28:51,0,0
331,1,21:49:30,0,5
332,1,21:59:20,0,4
333,1,22:02:31,0,0
334,1,22:04:18,0,0
335,1,22:10:05,0,1
336,1,22:12:13,0,0
337,1,22:33:57,0,4
338,1,22:39:50,4,
339,1,22:39:50,4,
340,1,22:39:50,4,
341,1,22:46:37,4,
342,1,22:48:05,0,2
343,1,23:02:32,0,1
344,1,23:07:55,0,4
345,1,23:09:50,4,
346,1,23:11:33,0,1
347,1,23:29:16,4,
348,1,23:36:49,4,
349,1,23:37:05,4,
350,1,23:37:05,4,
351,1,23:37:29,4,
352,1,23:38:48,4,
353,1,23:39:27,4,
354,1,23:43:26,4,
355,1,23:46:35,4,
356,1,23:46:46,4,
357,1,23:51:19,4,
358,1,23:51:19,4,
359,1,23:51:20,4,
360,1,23:51:20,4,
361,1,23:53:23,4,
362,1,23:53:23,4,
363,1,23:53:23,4,
364,1,23:54:41,4,
365,1,23:58:01,0,0
366,2,00:00:52,4,
367,2,00:07:51,4,
368,2,00:10:38,0,1
369,2,00:13:50,4,
370,2,00:16:12,4,
371,2,00:17:16,4,
372,2,00:27:58,4,
373,2,00:33:48,4,
374,2,00:33:54,0,4
375,2,00:34:47,4,
376,2,00:35:42,4,
377,2,00:37:39,4,
378,2,00:38:04,0,2
379,2,00:38:37,4,
380,2,00:41:19,4,
381,2,00:41:37,4,
382,2,00:42:43,0,1
383,2,00:43:42,4,
384,2,00:44:41,4,
385,2,00:45:57,4,
386,2,00:46:48,4,
387,2,00:46:55,4,
388,2,00:48:55,4,
389,2,00:58:07,4,
390,2,00:58:25,4,
391,2,00:58:25,4,
392,2,00:58:53,4,
393,2,01:02:21,4,
394,2,01:06:13,4,
395,2,01:07:35,4,
396,2,01:07:39,4,
397,2,01:07:46,4,
398,2,01:08:57,4,
399,2,01:10:42,4,
400,2,01:11:24,4,
401,2,01:11:53,4,
402,2,01:15:47,4,
403,2,01:18:45,4,
404,2,01:19:04,4,
405,2,01:19:16,4,
406,2,01:20:17,4,
407,2,01:20:17,4,
408,2,01:20:17,4,
409,2,01:20:34,4,
410,2,01:20:53,4,
411,2,01:20:57,4,
412,2,01:22:22,4,
413,2,01:22:45,4,
414,2,01:27:23,4,
415,2,01:27:36,0,4
416,2,01:28:40,0,2
417,2,01:31:45,0,4
418,2,01:32:01,4,
419,2,01:32:08,4,
420,2,01:32:11,4,
421,2,01:32:40,4,
422,2,01:33:11,0,0
423,2,01:33:43,4,
424,2,01:35:28,4,
425,2,01:35:30,4,
426,2,01:36:41,4,
427,2,01:36:44,4,
428,2,01:37:55,4,
429,2,01:39:33,4,
430,2,01:39:57,4,
431,2,01:40:14,4,
432,2,01:40:36,4,
433,2,01:41:38,4,
434,2,01:42:23,4,
435,2,01:42:23,4,
436,2,01:42:23,4,
437,2,01:42:40,4,
438,2,01:44:01,4,
439,2,01:45:33,4,
440,2,01:49:30,4,
441,2,01:52:47,4,
442,2,01:52:47,4,
443,2,01:59:41,4,
444,2,02:00:56,4,
445,2,02:02:03,0,1
446,2,02:02:14,4,
447,2,02:02:14,4,
448,2,02:02:32,0,0
449,2,02:02:58,4,
450,2,02:04:54,4,
451,2,02:07:09,4,
452,2,02:08:28,4,
453,2,02:13:20,4,
454,2,02:14:56,4,
455,2,02:16:45,0,0
456,2,02:20:16,4,
457,2,02:20:41,4,
458,2,02:21:58,4,
459,2,02:21:58,4,
460,2,02:22:28,4,
461,2,02:25:48,4,
462,2,02:26:00,4,
463,2,02:28:19,0,1
464,2,02:31:13,0,4
465,2,02:34:49,0,0
466,2,02:37:59,0,4
467,2,02:40:14,4,
468,2,02:41:10,0,1
469,2,02:41:51,4,
470,2,02:42:14,4,
471,2,02:42:17,4,
472,2,02:42:21,4,
473,2,02:43:29,4,
474,2,02:44:27,4,
475,2,02:48:49,0,1
476,2,02:49:17,0,2
477,2,02:52:31,4,
478,2,02:57:00,0,1
479,2,02:57:16,0,1
480,2,03:02:28,4,
481,2,03:08:28,0,4
482,2,03:10:19,0,0
483,2,03:11:12,4,
484,2,03:11:44,4,
485,2,03:12:31,0,1
486,2,03:20:53,4,
487,2,03:22:54,4,
488,2,03:23:48,4,
489,2,03:23:51,4,
490,2,03:25:35,4,
491,2,03:26:45,4,
492,2,03:31:29,4,
493,2,03:31:31,4,
494,2,03:34:22,4,
495,2,03:34:26,4,
496,2,03:34:29,4,
497,2,03:38:48,4,
498,2,03:39:04,4,
499,2,03:41:44,4,
500,2,03:42:16,0,0
501,2,03:43:58,0,1
502,2,03:47:05,4,
503,2,03:51:57,0,4
504,2,03:54:11,4,
505,2,03:54:11,4,
506,2,03:55:43,4,
507,2,04:06:22,4,
508,2,04:06:28,4,
509,2,04:06:43,4,
510,2,04:10:04,4,
511,2,04:13:10,4,
512,2,04:15:14,4,
513,2,04:26:53,4,
514,2,04:26:55,4,
515,2,04:28:35,0,4
516,2,04:33:29,4,
517,2,04:33:56,4,
518,2,04:36:08,4,
519,2,04:36:08,4,
520,2,04:36:18,4,
521,2,04:37:12,4,
522,2,04:40:18,4,
523,2,04:44:33,4,
524,2,04:44:33,4,
525,2,04:58:39,4,
526,2,04:58:39,4,
527,2,04:58:39,4,
528,2,04:58:39,4,
529,2,04:58:39,4,
530,2,04:58:39,4,
531,2,04:58:39,4,
532,2,04:58:39,4,
533,2,04:58:39,4,
534,2,04:58:39,4,
535,2,04:58:39,4,
536,2,05:04:45,4,
537,2,05:05:09,4,
538,2,05:15:44,0,1
539,2,05:22:10,4,
540,2,05:28:24,4,
541,2,05:28:24,4,
542,2,05:28:24,4,
543,2,05:28:24,4,
544,2,05:28:24,4,
545,2,05:28:24,4,
546,2,05:29:56,4,
547,2,05:30:48,4,
548,2,05:31:22,4,
549,2,05:32:03,4,
550,2,05:32:18,4,
551,2,05:32:18,4,
552,2,05:32:18,4,
553,2,05:32:18,4,
554,2,05:32:33,4,
555,2,05:36:26,4,
556,2,05:41:18,4,
557,2,05:41:18,4,
558,2,05:41:18,4,
559,2,05:51:44,4,
560,2,05:52:39,0,4
561,2,05:58:17,4,
562,2,05:58:17,4,
563,2,05:58:17,4,
564,2,05:58:17,4,
565,2,05:58:18,4,
566,2,05:58:18,4,
567,2,05:58:18,4,
568,2,05:58:18,4,
569,2,05:58:26,4,
570,2,05:59:07,0,1
571,2,06:00:00,4,
572,2,06:05:06,4,
573,2,06:06:07,0,1
574,2,06:08:18,4,
575,2,06:09:18,4,
576,2,06:09:57,4,
577,2,06:10:48,4,
578,2,06:10:48,4,
579,2,06:10:48,4,
580,2,06:10:48,4,
581,2,06:10:48,4,
582,2,06:10:48,4,
583,2,06:10:48,4,
584,2,06:10:48,4,
585,2,06:10:48,4,
586,2,06:10:48,4,
587,2,06:10:48,4,
588,2,06:10:48,4,
589,2,06:10:48,4,
590,2,06:10:48,4,
591,2,06:10:48,4,
592,2,06:10:48,4,
593,2,06:10:48,4,
594,2,06:10:48,4,
595,2,06:10:48,4,
596,2,06:10:48,4,
597,2,06:10:48,4,
598,2,06:10:48,4,
599,2,06:10:48,4,
600,2,06:10:48,4,
601,2,06:10:48,4,
602,2,06:10:50,4,
603,2,06:10:50,4,
604,2,06:11:50,4,
605,2,06:12:43,4,
606,2,06:17:51,4,
607,2,06:17:58,4,
608,2,06:22:06,4,
609,2,06:24:49,4,
610,2,06:24:49,4,
611,2,06:24:49,4,
612,2,06:24:49,4,
613,2,06:24:49,4,
614,2,06:24:49,4,
615,2,06:24:49,4,
616,2,06:24:49,4,
617,2,06:24:49,4,
618,2,06:24:49,4,
619,2,06:24:50,4,
620,2,06:24:50,4,
621,2,06:24:50,4,
622,2,06:24:50,4,
623,2,06:24:50,4,
624,2,06:26:11,4,
625,2,06:29:51,4,
626,2,06:29:54,4,
627,2,06:33:31,4,
628,2,06:35:17,4,
629,2,06:35:17,4,
630,2,06:35:17,4,
631,2,06:36:24,4,
632,2,06:36:24,4,
633,2,06:36:24,4,
634,2,06:41:03,4,
635,2,06:41:17,4,
636,2,06:41:17,4,
637,2,06:41:17,4,
638,2,06:41:17,4,
639,2,06:41:17,4,
640,2,06:43:24,4,
641,2,06:43:24,4,
642,2,06:43:24,4,
643,2,06:44:55,4,
644,2,06:47:42,4,
645,2,06:49:15,4,
646,2,06:49:28,4,
647,2,06:49:33,4,
648,2,06:52:17,4,
649,2,06:58:20,4,
650,2,06:58:20,4,
651,2,06:58:20,4,
652,2,06:58:20,4,
653,2,06:58:20,4,
654,2,06:58:20,4,
655,2,06:58:20,4,
656,2,06:58:20,4,
657,2,06:58:20,4,
658,2,06:58:20,4,
659,2,06:58:20,4,
660,2,06:58:20,4,
661,2,06:58:20,4,
662,2,06:58:59,4,
663,2,06:58:59,4,
664,2,06:58:59,4,
665,2,06:58:59,4,
666,2,06:58:59,4,
667,2,06:58:59,4,
668,2,06:59:32,4,
669,2,07:00:12,4,
670,2,07:00:12,4,
671,2,07:00:20,4,
672,2,07:00:39,4,
673,2,07:01:40,4,
674,2,07:07:56,0,1
675,2,07:09:15,4,
676,2,07:09:15,4,
677,2,07:09:15,4,
678,2,07:09:15,4,
679,2,07:09:15,4,
680,2,07:09:15,4,
681,2,07:09:15,4,
682,2,07:09:15,4,
683,2,07:09:15,4,
684,2,07:09:15,4,
685,2,07:09:15,4,
686,2,07:09:15,4,
687,2,07:09:15,4,
688,2,07:09:15,4,
689,2,07:09:15,4,
690,2,07:09:15,4,
691,2,07:09:15,4,
692,2,07:09:15,4,
693,2,07:09:15,4,
694,2,07:09:15,4,
695,2,07:09:15,4,
696,2,07:09:16,4,
697,2,07:09:16,4,
698,2,07:09:16,4,
699,2,07:09:16,4,
700,2,07:09:16,4,
701,2,07:09:16,4,
702,2,07:09:16,4,
703,2,07:09:16,4,
704,2,07:09:16,4,
705,2,07:09:16,4,
706,2,07:09:16,4,
707,2,07:09:16,4,
708,2,07:09:16,4,
709,2,07:09:16,4,
710,2,07:09:16,4,
711,2,07:09:16,4,
712,2,07:09:16,4,
713,2,07:09:16,4,
714,2,07:09:16,4,
715,2,07:09:16,4,
716,2,07:09:16,4,
717,2,07:09:16,4,
718,2,07:09:16,4,
719,2,07:09:16,4,
720,2,07:16:11,0,2
721,2,07:21:41,4,
722,2,07:21:41,4,
723,2,07:21:41,4,
724,2,07:21:41,4,
725,2,07:21:41,4,
726,2,07:21:41,4,
727,2,07:21:41,4,
728,2,07:21:41,4,
729,2,07:21:41,4,
730,2,07:22:35,4,
731,2,07:24:04,4,
732,2,07:24:04,4,
733,2,07:26:41,4,
734,2,07:33:45,4,
735,2,07:37:48,4,
736,2,07:42:33,4,
737,2,07:42:33,4,
738,2,07:43:03,4,
739,2,07:43:43,0,0
740,2,07:45:34,4,
741,2,07:45:34,4,
742,2,07:45:34,4,
743,2,07:45:34,4,
744,2,07:45:34,4,
745,2,07:45:34,4,
746,2,07:45:35,4,
747,2,07:45:35,4,
748,2,07:53:34,4,
749,2,07:53:34,4,
750,2,07:53:34,4,
751,2,07:55:51,4,
752,2,07:56:44,4,
753,2,07:57:11,4,
754,2,07:57:11,4,
755,2,07:57:11,4,
756,2,07:57:11,4,
757,2,07:58:25,4,
758,2,07:59:35,4,
759,2,07:59:35,4,
760,2,08:06:15,4,
761,2,08:06:34,4,
762,2,08:06:34,4,
763,2,08:06:50,4,
764,2,08:06:50,4,
765,2,08:06:50,4,
766,2,08:06:50,4,
767,2,08:06:55,4,
768,2,08:06:55,4,
769,2,08:06:55,4,
770,2,08:07:01,4,
771,2,08:07:01,4,
772,2,08:07:26,4,
773,2,08:07:26,4,
774,2,08:07:27,4,
775,2,08:08:28,4,
776,2,08:08:28,4,
777,2,08:08:28,4,
778,2,08:08:28,4,
779,2,08:08:28,4,
780,2,08:08:28,4,
781,2,08:12:55,4,
782,2,08:15:22,4,
783,2,08:17:28,4,
784,2,08:17:28,4,
785,2,08:17:55,4,
786,2,08:19:22,4,
787,2,08:20:47,4,
788,2,08:22:16,4,
789,2,08:22:16,4,
790,2,08:22:16,4,
791,2,08:22:16,4,
792,2,08:22:39,4,
793,2,08:23:44,4,
794,2,08:23:44,4,
795,2,08:24:37,4,
796,2,08:24:41,4,
797,2,08:24:53,4,
798,2,08:25:20,4,
799,2,08:25:58,4,
800,2,08:26:50,4,
801,2,08:26:50,4,
802,2,08:27:56,4,
803,2,08:28:45,0,2
804,2,08:28:45,4,
805,2,08:32:20,4,
806,2,08:32:46,4,
807,2,08:32:54,0,1
808,2,08:34:08,4,
809,2,08:34:08,4,
810,2,08:34:08,4,
811,2,08:34:08,4,
812,2,08:34:08,4,
813,2,08:34:08,4,
814,2,08:34:08,4,
815,2,08:34:08,4,
816,2,08:34:08,4,
817,2,08:34:08,4,
818,2,08:34:12,4,
819,2,08:34:12,4,
820,2,08:34:12,4,
821,2,08:34:12,4,
822,2,08:34:12,4,
823,2,08:34:12,4,
824,2,08:34:12,4,
825,2,08:34:12,4,
826,2,08:34:12,4,
827,2,08:34:12,4,
828,2,08:34:12,4,
829,2,08:34:12,4,
830,2,08:34:12,4,
831,2,08:34:12,4,
832,2,08:34:12,4,
833,2,08:34:12,4,
834,2,08:34:12,4,
835,2,08:34:12,4,
836,2,08:34:12,4,
837,2,08:34:12,4,
838,2,08:34:12,4,
839,2,08:34:12,4,
840,2,08:34:12,4,
841,2,08:34:12,4,
842,2,08:34:12,4,
843,2,08:34:12,4,
844,2,08:34:12,4,
845,2,08:34:12,4,
846,2,08:34:12,4,
847,2,08:34:12,4,
848,2,08:34:12,4,
849,2,08:34:12,4,
850,2,08:34:12,4,
851,2,08:34:12,4,
852,2,08:34:12,4,
853,2,08:34:12,4,
854,2,08:34:31,4,
855,2,08:35:19,4,
856,2,08:35:42,4,
857,2,08:35:53,4,
858,2,08:35:57,4,
859,2,08:35:57,4,
860,2,08:36:08,4,
861,2,08:36:08,4,
862,2,08:37:08,4,
863,2,08:37:32,4,
864,2,08:37:34,4,
865,2,08:37:34,4,
866,2,08:37:46,4,
867,2,08:37:47,0,5
868,2,08:38:57,4,
869,2,08:38:57,4,
870,2,08:38:57,4,
871,2,08:38:57,4,
872,2,08:38:59,4,
873,2,08:38:59,4,
874,2,08:39:19,4,
875,2,08:40:34,4,
876,2,08:41:08,4,
877,2,08:41:13,4,
878,2,08:41:21,4,
879,2,08:41:21,4,
880,2,08:42:11,4,
881,2,08:42:39,4,
882,2,08:44:08,0,4
883,2,08:46:43,4,
884,2,08:47:35,4,
885,2,08:50:47,4,
886,2,08:57:02,4,
887,2,08:57:02,4,
888,2,09:00:16,4,
889,2,09:02:31,4,
890,2,09:02:31,4,
891,2,09:02:31,4,
892,2,09:02:31,4,
893,2,09:02:31,4,
894,2,09:02:32,4,
895,2,09:02:32,4,
896,2,09:02:32,4,
897,2,09:02:32,4,
898,2,09:02:32,4,
899,2,09:02:32,4,
900,2,09:02:32,4,
901,2,09:02:48,4,
902,2,09:03:34,4,
903,2,09:03:34,4,
904,2,09:03:56,4,
905,2,09:04:10,4,
906,2,09:05:21,4,
907,2,09:06:45,0,1
908,2,09:22:43,0,4
909,2,09:23:19,4,
910,2,09:26:45,4,
911,2,09:26:59,0,4
912,2,09:37:33,0,2
913,2,09:55:20,4,
914,2,10:00:28,0,0
915,2,10:11:53,4,
916,2,10:11:53,4,
917,2,10:12:40,0,1
918,2,10:17:27,4,
919,2,10:27:50,4,
920,2,10:30:23,4,
921,2,10:31:04,4,
922,2,10:31:28,4,
923,2,10:33:36,4,
924,2,10:33:57,4,
925,2,10:33:58,4,
926,2,10:33:58,4,
927,2,10:33:58,4,
928,2,10:33:58,4,
929,2,10:33:58,4,
930,2,10:33:58,4,
931,2,10:33:58,4,
932,2,10:35:20,4,
933,2,10:36:34,4,
934,2,10:39:28,0,4
935,2,10:43:09,4,
936,2,10:44:25,4,
937,2,10:44:25,4,
938,2,10:44:25,4,
939,2,10:45:28,4,
940,2,10:45:37,4,
941,2,10:46:12,4,
942,2,10:46:12,4,
943,2,10:46:12,4,
944,2,10:46:12,4,
945,2,10:46:12,4,
946,2,10:46:12,4,
947,2,10:46:12,4,
948,2,10:46:31,4,
949,2,10:46:35,4,
950,2,10:46:50,4,
951,2,10:47:22,4,
952,2,10:47:28,4,
953,2,10:47:42,4,
954,2,10:47:42,4,
955,2,10:47:42,4,
956,2,10:47:48,4,
957,2,10:48:11,4,
958,2,10:48:11,4,
959,2,10:48:19,4,
960,2,10:48:26,4,
961,2,10:48:26,4,
962,2,10:48:48,4,
963,2,10:49:31,4,
964,2,10:49:31,4,
965,2,10:49:31,4,
966,2,10:49:31,4,
967,2,10:49:32,4,
968,2,10:49:45,4,
969,2,10:49:53,4,
970,2,10:50:07,4,
971,2,10:50:15,4,
972,2,10:50:32,4,
973,2,10:50:37,4,
974,2,10:50:43,4,
975,2,10:51:09,4,
976,2,10:51:09,4,
977,2,10:51:12,4,
978,2,10:51:38,4,
979,2,10:52:05,4,
980,2,10:52:05,4,
981,2,10:52:33,4,
982,2,10:53:18,4,
983,2,10:53:18,4,
984,2,10:53:56,4,
985,2,10:54:24,4,
986,2,10:55:27,4,
987,2,10:56:00,4,
988,2,10:56:07,4,
989,2,10:57:09,4,
990,2,10:57:51,4,
991,2,10:57:51,4,
992,2,10:58:27,4,
993,2,10:58:35,4,
994,2,10:58:35,4,
995,2,10:59:14,4,
996,2,11:00:41,4,
997,2,11:00:48,4,
998,2,11:00:48,4,
999,2,11:00:52,4,
1000,2,11:01:10,4,
1001,2,11:01:10,4,
1002,2,11:01:10,4,
1003,2,11:01:26,4,
1004,2,11:03:19,4,
1005,2,11:03:25,4,
1006,2,11:03:25,4,
1007,2,11:03:25,4,
1008,2,11:03:25,4,
1009,2,11:03:25,4,
1010,2,11:04:01,4,
1011,2,11:05:28,4,
1012,2,11:05:28,4,
1013,2,11:05:28,4,
1014,2,11:05:28,4,
1015,2,11:05:28,4,
1016,2,11:05:28,4,
1017,2,11:05:28,4,
1018,2,11:05:28,4,
1019,2,11:05:28,4,
1020,2,11:05:28,4,
1021,2,11:05:28,4,
1022,2,11:05:28,4,
1023,2,11:05:28,4,
1024,2,11:05:28,4,
1025,2,11:05:28,4,
1026,2,11:05:28,4,
1027,2,11:05:29,4,
1028,2,11:05:29,4,
1029,2,11:05:29,4,
1030,2,11:05:29,4,
1031,2,11:05:29,4,
1032,2,11:05:29,4,
1033,2,11:05:29,4,
1034,2,11:05:29,4,
1035,2,11:05:29,4,
1036,2,11:05:29,4,
1037,2,11:05:29,4,
1038,2,11:05:29,4,
1039,2,11:05:29,4,
1040,2,11:05:29,4,
1041,2,11:05:29,4,
1042,2,11:05:29,4,
1043,2,11:05:29,4,
1044,2,11:05:29,4,
1045,2,11:05:29,4,
1046,2,11:05:29,4,
1047,2,11:05:29,4,
1048,2,11:05:29,4,
1049,2,11:05:29,4,
1050,2,11:05:29,4,
1051,2,11:05:29,4,
1052,2,11:05:29,4,
1053,2,11:05:29,4,
1054,2,11:05:29,4,
1055,2,11:05:29,4,
1056,2,11:06:14,4,
1057,2,11:06:14,4,
1058,2,11:06:26,4,
1059,2,11:06:26,4,
1060,2,11:06:43,4,
1061,2,11:08:50,0,4
1062,2,11:11:16,0,0
1063,2,11:29:52,0,1
1064,2,11:30:44,4,
1065,2,11:30:44,4,
1066,2,11:30:44,4,
1067,2,11:30:44,4,
1068,2,11:30:44,4,
1069,2,11:30:44,4,
1070,2,11:30:44,4,
1071,2,11:30:44,4,
1072,2,11:30:44,4,
1073,2,11:30:44,4,
1074,2,11:30:44,4,
1075,2,11:30:44,4,
1076,2,11:30:44,4,
1077,2,11:30:44,4,
1078,2,11:30:44,4,
1079,2,11:30:44,4,
1080,2,11:30:44,4,
1081,2,11:30:44,4,
1082,2,11:30:44,4,
1083,2,11:30:44,4,
1084,2,11:30:44,4,
1085,2,11:30:44,4,
1086,2,11:30:44,4,
1087,2,11:30:44,4,
1088,2,11:30:44,4,
1089,2,11:30:45,4,
1090,2,11:30:45,4,
1091,2,11:30:45,4,
1092,2,11:30:45,4,
1093,2,11:30:45,4,
1094,2,11:30:45,4,
1095,2,11:30:45,4,
1096,2,11:30:45,4,
1097,2,11:30:45,4,
1098,2,11:31:05,0,5
1099,2,12:06:23,4,
1100,2,12:31:44,0,0
1101,2,12:31:53,0,5
1102,2,12:35:06,0,2
1103,2,12:44:59,4,
1104,2,12:44:59,4,
1105,2,12:57:24,4,
1106,2,13:05:06,0,1
1107,2,13:09:09,0,1
1108,2,13:35:41,0,4
1109,2,13:38:05,0,1
1110,2,13:41:06,0,2
1111,2,13:41:26,0,2
1112,2,14:00:02,0,4
1113,2,14:28:12,0,0
1114,2,14:31:39,0,2
1115,2,14:48:46,0,4
1116,2,15:03:39,0,5
1117,2,15:28:26,0,4
1118,2,15:53:56,0,4
1119,2,16:29:27,4,
1120,2,16:34:07,0,4
1121,2,16:37:07,4,
1122,2,16:57:14,0,4
1123,2,16:58:49,0,5
1124,2,17:01:26,4,
1125,2,17:01:26,4,
1126,2,17:02:24,0,4
1127,2,17:08:13,0,4
1128,2,17:23:10,0,0
1129,2,17:35:43,0,4
1130,2,17:59:46,0,2
1131,2,18:11:58,0,4
1132,2,18:16:11,0,4
1133,2,18:22:35,0,1
1134,2,18:27:51,0,4
1135,2,18:44:49,0,0
1136,2,19:00:26,0,4
1137,2,19:00:56,0,1
1138,2,19:16:30,0,4
1139,2,19:16:59,0,4
1140,2,19:17:30,0,1
1141,2,19:23:50,0,1
1142,2,19:28:04,0,2
1143,2,19:40:54,0,4
1144,2,19:45:04,0,0
1145,2,19:48:32,0,4
1146,2,19:50:26,0,0
1147,2,19:58:59,0,4
1148,2,19:59:51,0,4
1149,2,20:07:14,0,4
1150,2,20:09:06,0,0
1151,2,20:41:16,0,0
1152,2,20:54:07,0,5
1153,2,21:00:25,0,4
1154,2,21:28:10,0,4
1155,2,21:38:04,0,1
1156,2,22:04:02,0,4
1157,2,23:23:17,0,4
1158,2,23:24:20,0,4
1159,2,23:25:29,0,5
1160,2,23:33:03,0,2
1161,2,23:34:27,0,4
1162,2,23:37:08,0,4
1163,3,00:27:26,0,4
1164,3,00:28:39,0,0
1165,3,01:00:48,0,5
1166,3,01:20:40,4,
1167,3,01:20:40,4,
1168,3,01:22:35,4,
1169,3,01:22:35,4,
1170,3,01:22:35,4,
1171,3,01:23:03,4,
1172,3,01:23:14,4,
1173,3,01:23:24,4,
1174,3,01:23:24,4,
1175,3,01:23:24,4,
1176,3,01:23:24,4,
1177,3,01:23:24,4,
1178,3,01:23:24,4,
1179,3,01:23:24,4,
1180,3,01:23:24,4,
1181,3,01:23:24,4,
1182,3,01:23:24,4,
1183,3,01:23:24,4,
1184,3,01:23:24,4,
1185,3,01:23:24,4,
1186,3,01:23:24,4,
1187,3,01:23:24,4,
1188,3,01:23:24,4,
1189,3,01:23:24,4,
1190,3,01:23:24,4,
1191,3,01:23:24,4,
1192,3,01:23:24,4,
1193,3,01:25:49,4,
1194,3,01:25:49,4,
1195,3,01:25:49,4,
1196,3,01:26:56,4,
1197,3,01:26:56,4,
1198,3,01:27:59,4,
1199,3,01:33:19,4,
1200,3,01:33:19,4,
1201,3,01:33:22,4,
1202,3,01:39:26,4,
1203,3,01:40:03,4,
1204,3,01:40:03,4,
1205,3,01:40:03,4,
1206,3,01:40:38,4,
1207,3,01:41:09,4,
1208,3,01:41:51,4,
1209,3,01:41:51,4,
1210,3,01:42:40,4,
1211,3,01:42:40,4,
1212,3,01:42:40,4,
1213,3,01:42:40,4,
1214,3,01:42:40,4,
1215,3,01:42:40,4,
1216,3,01:42:40,4,
1217,3,01:42:40,4,
1218,3,01:43:29,4,
1219,3,01:46:11,4,
1220,3,02:07:38,0,4
1221,3,02:09:09,0,4
1222,3,02:20:56,0,5
1223,3,02:23:44,0,1
1224,3,02:43:50,0,2
1225,3,02:51:53,0,4
1226,3,02:57:11,0,5
1227,3,03:21:10,0,1
1228,3,03:28:14,0,2
1229,3,03:47:37,0,4
1230,3,05:07:18,0,5
1231,3,05:10:10,0,1
1232,3,06:31:37,0,0
1233,3,06:31:44,0,5
1234,3,06:52:40,0,0
1235,3,07:47:23,0,2
1236,3,07:49:07,0,1
1237,3,07:56:06,0,2
1238,3,08:14:20,0,4
1239,3,08:32:46,0,2
1240,3,08:58:08,0,4
1241,3,09:25:11,0,1
1242,3,09:45:06,4,
1243,3,09:45:06,4,
1244,3,09:45:06,4,
1245,3,09:45:06,4,
1246,3,09:45:07,4,
1247,3,09:45:07,4,
1248,3,09:45:07,4,
1249,3,09:45:07,4,
1250,3,09:45:07,4,
1251,3,09:45:07,4,
1252,3,09:45:07,4,
1253,3,09:45:07,4,
1254,3,09:45:07,4,
1255,3,09:45:07,4,
1256,3,09:45:07,4,
1257,3,09:51:38,0,1
1258,3,10:04:10,0,4
1259,3,11:15:12,0,4
1260,3,11:17:51,0,4
1261,3,11:41:58,0,1
1262,3,11:55:56,0,4
1263,3,12:13:34,0,4
1264,3,12:17:44,0,2
1265,3,12:37:07,0,0
1266,3,12:41:53,0,4
1267,3,13:04:21,0,4
1268,3,13:14:07,0,5
1269,3,13:29:57,0,5
1270,3,13:32:32,0,1
1271,3,13:52:49,0,4
1272,3,13:58:04,0,1
1273,3,14:00:20,0,1
1274,3,14:00:38,0,1
1275,3,14:03:41,0,1
1276,3,14:50:29,0,1
1277,3,15:27:37,0,1
1278,3,15:35:17,0,1
1279,3,15:37:15,0,1
1280,3,16:14:29,0,5
1281,3,16:19:03,0,4
1282,3,16:29:30,0,5
1283,3,16:33:48,0,1
1284,3,16:48:41,0,4
1285,3,17:01:03,0,2
1286,3,17:04:14,0,4
1287,3,17:04:46,0,4
1288,3,17:05:30,0,0
1289,3,17:11:44,0,2
1290,3,17:21:45,0,1
1291,3,17:24:55,0,0
1292,3,17:37:16,0,2
1293,3,17:38:37,0,0
1294,3,17:41:31,0,5
1295,3,17:47:08,0,0
1296,3,17:59:32,0,2
1297,3,18:01:37,0,1
1298,3,18:06:01,0,4
1299,3,18:13:38,0,4
1300,3,18:37:01,0,1
1301,3,18:45:35,0,4
1302,3,18:58:04,0,4
1303,3,19:07:05,0,0
1304,3,19:19:24,0,4
1305,3,19:23:05,0,4
1306,3,19:26:05,0,4
1307,3,19:44:31,0,2
1308,3,19:47:43,0,5
1309,3,19:52:10,0,1
1310,3,19:54:24,0,0
1311,3,20:04:20,0,1
1312,3,20:07:26,0,1
1313,3,20:09:55,0,1
1314,3,20:19:20,0,0
1315,3,20:30:34,0,1
1316,3,20:33:58,0,4
1317,3,20:58:47,0,2
1318,3,21:02:14,0,4
1319,3,21:06:48,0,0
1320,3,21:07:41,0,2
1321,3,21:20:51,0,1
1322,3,21:35:44,0,1
1323,3,22:11:10,0,0
1324,3,22:11:54,0,2
1325,3,22:21:45,0,0
1326,3,22:30:52,0,4
1327,3,22:46:05,0,1
1328,3,23:11:36,0,1
1329,3,23:20:58,0,4
1330,3,23:43:53,0,0
1331,3,23:45:41,0,1
1332,3,23:51:16,0,1
1333,4,00:49:28,0,2
1334,4,01:07:15,0,1
1335,4,01:17:43,0,0
1336,4,01:25:20,4,
1337,4,01:25:22,4,
1338,4,01:30:40,4,
1339,4,01:30:40,4,
1340,4,01:30:40,4,
1341,4,01:30:40,4,
1342,4,01:30:40,4,
1343,4,01:30:40,4,
1344,4,01:30:40,4,
1345,4,01:30:40,4,
1346,4,01:30:40,4,
1347,4,01:30:40,4,
1348,4,01:30:40,4,
1349,4,01:32:34,4,
1350,4,01:32:51,4,
1351,4,01:33:28,4,
1352,4,01:34:52,4,
1353,4,01:45:31,0,1
1354,4,01:52:04,0,1
1355,4,01:57:09,0,5
1356,4,02:13:16,0,4
1357,4,02:14:52,0,4
1358,4,02:38:44,0,1
1359,4,04:15:57,0,5
1360,4,04:25:26,0,1
1361,4,04:39:22,0,1
1362,4,05:11:27,0,4
1363,4,05:13:58,0,4
1364,4,05:43:32,0,5
1365,4,06:50:06,0,4
1366,4,06:59:09,0,0
1367,4,07:25:33,0,2
1368,4,07:43:48,0,4
1369,4,07:53:17,0,4
1370,4,08:05:42,0,4
1371,4,08:22:32,0,1
1372,4,08:43:44,0,4
1373,4,08:50:44,0,4
1374,4,09:08:45,0,1
1375,4,09:12:10,0,1
1376,4,09:29:50,4,
1377,4,09:29:50,4,
1378,4,09:29:50,4,
1379,4,09:29:50,4,
1380,4,09:32:07,0,5
1381,4,09:54:15,0,5
1382,4,10:05:57,0,1
1383,4,10:35:07,0,4
1384,4,10:47:36,0,2
1385,4,10:58:08,0,4
1386,4,10:59:36,0,1
1387,4,11:00:30,0,1
1388,4,11:06:10,0,1
1389,4,11:36:39,0,5
1390,4,11:55:27,0,1
1391,4,12:01:00,0,1
1392,4,12:11:04,0,4
1393,4,12:12:52,0,0
1394,4,12:40:59,0,1
1395,4,12:41:36,0,4
1396,4,12:43:18,0,2
1397,4,12:52:36,0,1
1398,4,13:00:42,0,4
1399,4,13:17:52,0,0
1400,4,13:39:25,0,4
1401,4,13:41:47,0,1
1402,4,13:49:20,0,4
1403,4,14:00:51,0,1
1404,4,14:18:51,0,1
1405,4,14:20:13,0,4
1406,4,14:39:29,0,1
1407,4,14:44:00,0,1
1408,4,14:46:56,0,4
1409,4,15:09:38,0,0
1410,4,15:32:27,0,1
1411,4,15:46:12,0,4
1412,4,15:55:01,0,2
1413,4,16:00:24,0,1
1414,4,16:03:02,0,4
1415,4,16:04:16,0,1
1416,4,16:19:15,0,2
1417,4,16:21:06,0,4
1418,4,16:29:09,0,1
1419,4,16:29:20,0,2
1420,4,16:33:23,0,0
1421,4,16:33:32,0,5
1422,4,17:33:24,0,0
1423,4,17:40:54,0,1
1424,4,17:44:39,0,0
1425,4,17:51:38,0,4
1426,4,17:52:19,0,2
1427,4,18:09:59,0,1
1428,4,18:23:13,0,4
1429,4,18:31:42,0,4
1430,4,18:34:27,0,1
1431,4,18:36:26,0,0
1432,4,18:50:05,0,2
1433,4,18:51:48,0,4
1434,4,18:52:09,0,4
1435,4,18:57:13,0,4
1436,4,19:07:24,0,1
1437,4,19:11:18,0,4
1438,4,19:14:55,0,1
1439,4,19:19:03,0,2
1440,4,19:25:08,0,1
1441,4,19:33:44,0,2
1442,4,19:35:12,0,4
1443,4,19:35:28,0,1
1444,4,19:40:14,0,1
1445,4,20:05:24,0,5
1446,4,20:05:25,0,2
1447,4,20:10:02,0,4
1448,4,20:20:54,0,5
1449,4,20:26:10,0,2
1450,4,20:31:05,0,4
1451,4,20:35:15,0,1
1452,4,20:55:52,0,0
1453,4,20:56:56,0,1
1454,4,21:30:50,0,0
1455,4,21:42:28,0,4
1456,4,22:05:06,0,5
1457,4,22:18:57,0,1
1458,4,22:19:57,0,4
1459,4,22:39:53,0,2
1460,4,22:41:54,0,1
1461,4,22:53:03,0,4
1462,4,23:18:01,0,4
1463,4,23:28:04,0,4
1464,4,23:32:35,0,0
1465,4,23:47:40,0,0
1466,4,23:54:54,0,1
1467,4,23:56:50,0,0
1468,4,23:59:57,0,1
1469,5,00:03:53,0,4
1470,5,00:09:51,0,0
1471,5,00:11:22,0,0
1472,5,00:27:01,0,0
1473,5,00:33:21,0,4
1474,5,00:48:43,0,0
1475,5,01:00:56,0,4
1476,5,01:02:03,0,1
1477,5,01:27:51,4,
1478,5,01:29:04,0,1
1479,5,01:31:20,4,
1480,5,01:31:20,4,
1481,5,01:31:56,0,4
1482,5,01:35:21,4,
1483,5,01:38:21,4,
1484,5,01:38:40,0,4
1485,5,01:38:41,4,
1486,5,01:39:13,4,
1487,5,01:40:43,4,
1488,5,01:40:43,4,
1489,5,01:40:43,4,
1490,5,01:40:43,4,
1491,5,01:40:58,4,
1492,5,01:41:21,4,
1493,5,01:41:21,4,
1494,5,01:41:21,4,
1495,5,01:41:28,4,
1496,5,01:41:35,4,
1497,5,01:41:35,4,
1498,5,01:42:00,4,
1499,5,01:48:20,4,
1500,5,01:48:20,4,
1501,5,01:48:20,4,
1502,5,01:48:20,4,
1503,5,01:48:20,4,
1504,5,01:48:20,4,
1505,5,01:48:20,4,
1506,5,01:48:20,4,
1507,5,01:56:06,0,1
1508,5,01:59:33,0,0
1509,5,02:14:22,0,0
1510,5,02:19:15,0,4
1511,5,02:22:39,0,0
1512,5,02:30:23,0,1
1513,5,03:21:58,0,4
1514,5,03:23:54,0,4
1515,5,03:33:29,0,2
1516,5,03:58:17,0,0
1517,5,04:22:57,0,0
1518,5,04:25:49,0,5
1519,5,04:38:45,0,1
1520,5,04:41:13,0,5
1521,5,04:54:13,0,4
1522,5,05:33:53,0,1
1523,5,05:39:26,0,1
1524,5,05:44:31,0,0
1525,5,05:52:09,0,4
1526,5,05:52:30,0,1
1527,5,06:16:44,0,5
1528,5,06:33:20,0,1
1529,5,06:58:13,0,1
1530,5,07:16:13,0,5
1531,5,07:53:33,0,0
1532,5,08:14:46,0,4
1533,5,08:28:26,0,4
1534,5,08:39:40,0,4
1535,5,08:50:03,0,2
1536,5,08:55:17,0,4
1537,5,09:24:06,4,
1538,5,09:33:04,0,2
1539,5,09:56:10,0,2
1540,5,11:01:27,0,4
1541,5,11:21:42,0,4
1542,5,11:29:33,0,1
1543,5,11:30:00,0,1
1544,5,12:03:05,0,0
1545,5,12:07:17,0,1
1546,5,12:19:55,0,2
1547,5,12:31:25,0,5
1548,5,12:46:15,0,1
1549,5,12:52:46,0,2
1550,5,13:04:03,0,4
1551,5,13:43:17,0,4
1552,5,13:47:14,0,4
1553,5,14:09:48,0,1
1554,5,14:19:34,0,0
1555,5,14:23:53,0,4
1556,5,14:24:05,0,4
1557,5,14:31:57,0,2
1558,5,14:35:23,0,0
1559,5,14:45:54,0,2
1560,5,14:47:58,0,1
1561,5,14:59:10,0,2
1562,5,15:05:28,0,1
1563,5,15:16:06,0,2
1564,5,15:19:51,0,1
1565,5,15:39:40,0,1
1566,5,15:46:51,0,4
1567,5,15:54:43,0,5
1568,5,15:56:33,0,2
1569,5,15:57:40,0,4
1570,5,16:38:50,0,1
1571,5,16:41:47,0,4
1572,5,16:45:44,0,0
1573,5,17:07:41,0,4
1574,5,17:12:58,0,5
1575,5,17:22:23,0,1
1576,5,17:32:56,0,1
1577,5,17:35:14,0,4
1578,5,17:35:56,0,2
1579,5,17:42:08,0,0
1580,5,17:45:22,0,5
1581,5,17:46:41,0,4
1582,5,17:51:50,0,4
1583,5,17:52:55,0,4
1584,5,17:54:18,0,1
1585,5,18:01:03,0,4
1586,5,18:19:59,0,0
1587,5,18:55:46,0,4
1588,5,18:56:14,0,4
1589,5,19:13:21,0,0
1590,5,19:25:04,0,1
1591,5,19:27:40,0,1
1592,5,20:22:35,0,4
1593,5,20:33:49,0,5
1594,5,20:51:26,0,1
1595,5,20:55:28,0,2
1596,5,20:59:00,0,1
1597,5,21:01:30,0,2
1598,5,21:27:28,0,0
1599,5,21:37:00,0,4
1600,5,21:44:31,0,4
1601,5,21:52:34,0,1
1602,5,22:31:09,0,1
1603,5,22:33:35,0,1
1604,5,22:54:40,0,1
1605,5,23:01:40,0,4
1606,5,23:13:33,0,1
1607,5,23:15:05,0,0
1608,5,23:35:46,0,2
1609,5,23:36:44,0,1
1610,5,23:58:58,0,1
1611,6,00:37:38,0,4
1612,6,01:04:05,0,1
1613,6,01:10:12,0,1
1614,6,01:12:44,0,5
1615,6,01:14:52,0,0
1616,6,01:31:23,4,
1617,6,01:36:13,0,1
1618,6,02:07:55,0,0
1619,6,02:49:20,0,5
1620,6,02:52:50,0,5
1621,6,03:57:19,0,0
1622,6,04:02:13,0,1
1623,6,04:27:15,0,2
1624,6,04:27:32,0,1
1625,6,04:37:48,0,2
1626,6,04:56:13,0,5
1627,6,05:02:08,0,2
1628,6,05:39:08,0,4
1629,6,05:39:10,0,5
1630,6,05:52:56,0,0
1631,6,06:22:32,0,1
1632,6,06:44:20,0,1
1633,6,07:07:35,0,4
1634,6,07:11:14,0,1
1635,6,07:35:40,0,1
1636,6,07:43:03,0,1
1637,6,07:44:28,0,2
1638,6,08:22:24,0,4
1639,6,09:28:28,0,1
1640,6,09:40:31,0,2
1641,6,10:01:54,0,0
1642,6,10:13:19,0,4
1643,6,10:39:44,0,2
1644,6,10:56:55,0,1
1645,6,11:08:12,0,1
1646,6,11:14:09,0,1
1647,6,11:19:20,0,1
1648,6,12:22:38,0,1
1649,6,13:04:14,0,0
1650,6,13:09:27,0,1
1651,6,13:10:56,0,2
1652,6,13:24:02,0,4
1653,6,13:27:52,0,1
1654,6,13:27:52,0,1
1655,6,13:42:36,0,1
1656,6,13:54:44,0,4
1657,6,14:05:58,0,1
1658,6,14:13:03,0,4
1659,6,14:19:57,0,4
1660,6,14:38:07,0,4
1661,6,14:41:51,0,5
1662,6,15:10:52,0,4
1663,6,15:21:53,0,5
1664,6,15:53:16,0,2
1665,6,16:08:25,0,4
1666,6,16:09:17,0,0
1667,6,16:29:51,0,4
1668,6,16:30:28,0,4
1669,6,16:33:29,0,4
1670,6,16:51:43,0,1
1671,6,17:16:33,0,5
1672,6,17:35:09,0,5
1673,6,17:52:16,0,4
1674,6,17:53:16,0,1
1675,6,18:05:33,0,4
1676,6,18:12:48,0,2
1677,6,18:16:01,0,0
1678,6,18:21:18,0,1
1679,6,18:26:57,0,5
1680,6,18:28:20,0,4
1681,6,18:42:56,0,0
1682,6,18:51:05,0,2
1683,6,18:57:15,0,1
1684,6,18:58:02,0,2
1685,6,18:59:55,0,2
1686,6,19:10:25,0,4
1687,6,19:32:43,0,4
1688,6,20:51:41,0,5
1689,6,21:09:54,0,4
1690,6,21:14:36,0,4
1691,6,21:18:02,0,4
1692,6,21:52:01,0,1
1693,6,22:00:32,0,2
1694,6,22:25:02,0,1
1695,6,22:44:34,0,4
1696,6,23:17:39,0,0
1697,6,23:29:14,0,4
1698,6,23:33:47,0,1
1699,6,23:59:29,0,2
1700,7,00:17:35,0,4
1701,7,00:29:33,0,5
1702,7,00:29:40,0,0
1703,7,00:29:40,0,1
1704,7,01:10:07,0,1
1705,7,01:28:58,0,4
1706,7,01:37:31,4,
1707,7,01:37:32,4,
1708,7,01:37:32,4,
1709,7,01:37:32,4,
1710,7,01:37:32,4,
1711,7,01:37:32,4,
1712,7,01:47:45,0,5
1713,7,02:04:21,0,0
1714,7,02:09:05,0,1
1715,7,02:37:25,0,4
1716,7,03:36:28,0,0
1717,7,03:47:25,0,4
1718,7,03:49:11,0,1
1719,7,03:58:10,0,0
1720,7,04:12:44,0,4
1721,7,04:31:02,0,0
1722,7,05:05:12,0,1
1723,7,05:16:30,0,1
1724,7,05:17:13,0,1
1725,7,05:32:15,0,5
1726,7,05:45:36,0,2
1727,7,05:48:30,0,2
1728,7,06:09:21,0,4
1729,7,06:34:15,0,0
1730,7,06:37:29,0,0
1731,7,06:51:22,0,2
1732,7,07:18:51,0,4
1733,7,07:29:03,0,4
1734,7,07:29:08,0,0
1735,7,08:11:10,0,2
1736,7,08:24:16,0,0
1737,7,08:26:38,0,4
1738,7,09:05:30,0,4
1739,7,09:17:59,0,1
1740,7,09:28:16,0,5
1741,7,09:44:18,0,4
1742,7,09:58:37,0,0
1743,7,10:06:29,0,4
1744,7,11:25:19,0,0
1745,7,11:29:57,0,2
1746,7,11:37:57,0,2
1747,7,12:16:02,0,0
1748,7,12:17:32,0,4
1749,7,12:29:21,0,2
1750,7,13:09:12,0,1
1751,7,13:20:02,0,4
1752,7,13:37:31,0,5
1753,7,14:14:00,0,1
1754,7,14:27:17,0,1
1755,7,14:29:31,0,0
1756,7,14:53:12,0,2
1757,7,15:30:17,0,4
1758,7,15:47:47,0,4
1759,7,15:51:13,0,4
1760,7,16:10:45,0,4
1761,7,16:11:29,0,1
1762,7,16:17:11,0,2
1763,7,16:22:09,0,2
1764,7,16:57:15,0,1
1765,7,17:08:04,0,0
1766,7,17:08:05,0,0
1767,7,17:09:14,0,0
1768,7,17:32:18,0,4
1769,7,17:36:08,0,4
1770,7,17:39:09,0,4
1771,7,17:43:18,0,2
1772,7,17:45:02,0,1
1773,7,17:45:10,0,0
1774,7,17:45:29,0,0
1775,7,17:45:31,0,0
1776,7,17:45:35,0,0
1777,7,17:45:43,0,0
1778,7,17:47:36,0,1
1779,7,17:57:22,0,4
1780,7,17:59:36,0,4
1781,7,18:01:09,0,4
1782,7,18:08:25,0,1
1783,7,18:33:19,0,1
1784,7,18:55:14,0,4
1785,7,18:58:06,0,2
1786,7,19:05:42,0,0
1787,7,19:08:27,0,4
1788,7,19:13:15,0,4
1789,7,19:13:19,0,0
1790,7,19:19:40,0,4
1791,7,19:29:32,0,4
1792,7,19:32:55,0,2
1793,7,19:40:52,0,2
1794,7,19:45:44,0,1
1795,7,19:47:19,0,5
1796,7,19:53:18,0,1
1797,7,19:58:56,0,2
1798,7,20:01:03,0,1
1799,7,20:16:28,0,4
1800,7,20:24:08,0,2
1801,7,20:59:09,0,5
1802,7,21:18:05,0,0
1803,7,21:20:49,0,1
1804,7,21:21:40,0,5
1805,7,21:54:31,0,1
1806,7,22:03:58,0,1
1807,7,22:27:25,0,5
1808,7,23:38:42,0,4
1809,7,23:44:39,0,4
1810,7,23:50:58,0,4
